dataset,model,status,error,run_group,run_id,device,image_size,batch_size,epochs,total_manifest_items,train_items,val_items,best_val_dice,final_val_dice,final_val_iou,final_train_loss,final_val_loss,total_seconds,checkpoint,parameters,flops,flops_g,flop_error,profile_peak_memory_mb,inference_seconds,inference_samples,latency_ms_per_batch,latency_ms_per_image,fps,peak_memory_mb,use_cache,loss_name,sampler_name
lits_lesion_positive,attention_unet,,,20260612-063631_ablation_lesion_tversky_foreground,20260612-063728_lits_lesion_positive_attention_unet,cuda,192.0,8.0,8.0,7114.0,1200.0,300.0,0.4366442108154297,0.4366442108154297,0.3374710436662038,0.4577124613523483,0.6171940700213114,63.08715519999532,D:\tibbi-segmentasyon\checkpoints\20260612-063728_lits_lesion_positive_attention_unet_best.pt,1970973.0,4583273472.0,4.5833,,44.59,0.0783267999941017,96.0,6.527233332841813,0.8159041666052266,1225.6341380884844,196.01,True,tversky_focal,foreground
lits_lesion_positive,attention_unet,,,20260612-071823_ablation_sampler_only_foreground,20260612-071824_lits_lesion_positive_attention_unet,cuda,192.0,8.0,8.0,7114.0,1200.0,300.0,0.387831046183904,0.387831046183904,0.290554235180219,0.4380770972371101,0.637549622853597,64.27947539999877,D:\tibbi-segmentasyon\checkpoints\20260612-071824_lits_lesion_positive_attention_unet_best.pt,1970973.0,4583273472.0,4.5833,,44.66,0.0598428000157582,96.0,4.986900001313188,0.6233625001641485,1604.203011468724,196.01,True,bce_dice,foreground
lits_lesion_positive,attention_unet,,,20260612-071658_ablation_loss_only_tversky,20260612-071659_lits_lesion_positive_attention_unet,cuda,192.0,8.0,8.0,7114.0,1200.0,300.0,0.366327230532964,0.366327230532964,0.2679488015174865,0.7104296259085338,0.6663723572095235,64.7474985000008,D:\tibbi-segmentasyon\checkpoints\20260612-071659_lits_lesion_positive_attention_unet_best.pt,1970973.0,4583273472.0,4.5833,,44.59,0.074443199999223,96.0,6.20359999993525,0.7754499999919062,1289.573795873928,196.01,True,tversky_focal,none
lits_lesion_positive,attention_unet,,,20260612-071950_ablation_dice_focal_foreground,20260612-071951_lits_lesion_positive_attention_unet,cuda,192.0,8.0,8.0,7114.0,1200.0,300.0,0.3410291614135106,0.3410291614135106,0.2500273485978444,0.4182528034845988,0.6505575100580852,65.2463254999966,D:\tibbi-segmentasyon\checkpoints\20260612-071951_lits_lesion_positive_attention_unet_best.pt,1970973.0,4583273472.0,4.5833,,44.66,0.0624377999993157,96.0,5.20314999994298,0.6503937499928725,1537.5301500221346,196.01,True,dice_focal,foreground
lits_lesion_positive,swin_unetr,,,20260612-063631_ablation_lesion_tversky_foreground,20260612-063834_lits_lesion_positive_swin_unetr,cuda,192.0,8.0,8.0,7114.0,1200.0,300.0,0.359879137078921,0.3502908692757289,0.2597269290685653,0.4872907266020775,0.6742366568247478,135.07618609999918,D:\tibbi-segmentasyon\checkpoints\20260612-063834_lits_lesion_positive_swin_unetr_best.pt,6302203.0,2505244680.0,2.5052,,99.05,0.205567199998768,96.0,17.13059999989734,2.1413249999871677,467.0005720784995,302.99,True,tversky_focal,foreground
lits_lesion_positive,unet,,,20260612-063631_ablation_lesion_tversky_foreground,20260612-063631_lits_lesion_positive_unet,cuda,192.0,8.0,8.0,7114.0,1200.0,300.0,0.2769336418310801,0.2769336418310801,0.1957059271136919,0.9121103950341544,0.9802364881833394,53.76928979999502,D:\tibbi-segmentasyon\checkpoints\20260612-063631_lits_lesion_positive_unet_best.pt,1602296.0,1353056256.0,1.3531,,13.01,0.0408250999971642,96.0,3.4020916664303518,0.4252614583037939,2351.494546410623,53.53,True,tversky_focal,foreground
lits_lesion_positive_25d,attention_unet,,,20260612-064859_ablation_25d_tversky_foreground,20260612-064956_lits_lesion_positive_25d_attention_unet,cuda,192.0,8.0,8.0,7114.0,1200.0,300.0,0.3179346332947413,0.113954583287772,0.0734208706324661,0.5412054465214411,0.9322464346885682,64.15726100000029,D:\tibbi-segmentasyon\checkpoints\20260612-064956_lits_lesion_positive_25d_attention_unet_best.pt,1971549.0,4604507136.0,4.6045,,43.99,0.0689372999913757,96.0,5.744774999281314,0.7180968749101643,1392.5697700955773,197.83,True,tversky_focal,foreground
lits_lesion_positive_25d,swin_unetr,,,20260612-064859_ablation_25d_tversky_foreground,20260612-065104_lits_lesion_positive_25d_swin_unetr,cuda,192.0,8.0,8.0,7114.0,1200.0,300.0,0.342237265308698,0.342237265308698,0.2515308201313019,0.4812867522239685,0.6754005042711894,131.00612750000437,D:\tibbi-segmentasyon\checkpoints\20260612-065104_lits_lesion_positive_25d_swin_unetr_best.pt,6302875.0,2524708872.0,2.5247,,102.49,0.1908013000065693,96.0,15.90010833388078,1.987513541735097,503.1412259596485,306.48,True,tversky_focal,foreground
lits_lesion_positive_25d,unet,,,20260612-064859_ablation_25d_tversky_foreground,20260612-064900_lits_lesion_positive_25d_unet,cuda,192.0,8.0,8.0,7114.0,1200.0,300.0,0.2791569983959198,0.2791569983959198,0.1993301732341448,0.9166934212048848,0.981407364209493,53.75463129999844,D:\tibbi-segmentasyon\checkpoints\20260612-064900_lits_lesion_positive_25d_unet_best.pt,1603448.0,1363673088.0,1.3637,,13.3,0.038957599994319,96.0,3.246466666193252,0.4058083332741565,2464.21750862474,56.26,True,tversky_focal,foreground
