id,citation,url,verification,http_ok,method,status_code,final_url,error
1,"O. Ronneberger, P. Fischer, and T. Brox, U-Net: Convolutional Networks for Biomedical Image Segmentation, MICCAI, 2015.",https://arxiv.org/abs/1505.04597,arXiv record verified,true,HEAD,200,https://arxiv.org/abs/1505.04597,
2,"O. Oktay et al., Attention U-Net: Learning Where to Look for the Pancreas, 2018.",https://arxiv.org/abs/1804.03999,arXiv record verified,true,HEAD,200,https://arxiv.org/abs/1804.03999,
3,"J. Chen et al., TransUNet: Transformers Make Strong Encoders for Medical Image Segmentation, 2021.",https://arxiv.org/abs/2102.04306,arXiv record verified,true,HEAD,200,https://arxiv.org/abs/2102.04306,
4,"A. Hatamizadeh et al., Swin UNETR: Swin Transformers for Semantic Segmentation of Brain Tumors in MRI Images, 2022.",https://arxiv.org/abs/2201.01266,arXiv record verified,true,HEAD,200,https://arxiv.org/abs/2201.01266,
5,"A. Hatamizadeh et al., UNETR: Transformers for 3D Medical Image Segmentation, WACV, 2022.",https://arxiv.org/abs/2103.10504,arXiv record verified,true,HEAD,200,https://arxiv.org/abs/2103.10504,
6,"Z. Liu et al., Swin Transformer: Hierarchical Vision Transformer using Shifted Windows, ICCV, 2021.",https://arxiv.org/abs/2103.14030,arXiv record verified,true,HEAD,200,https://arxiv.org/abs/2103.14030,
7,"F. Isensee et al., nnU-Net: a self-configuring method for deep learning-based biomedical image segmentation, Nature Methods, 2021.",https://pubmed.ncbi.nlm.nih.gov/33288961/,PubMed record verified,true,HEAD,200,https://pubmed.ncbi.nlm.nih.gov/33288961/,
8,"A. Gu and T. Dao, Mamba: Linear-Time Sequence Modeling with Selective State Spaces, 2023.",https://arxiv.org/abs/2312.00752,arXiv record verified,true,HEAD,200,https://arxiv.org/abs/2312.00752,
9,"J. Liu et al., Swin-UMamba: Mamba-based UNet with ImageNet-based pretraining, MICCAI, 2024.",https://arxiv.org/abs/2402.03302,arXiv record verified,true,HEAD,200,https://arxiv.org/abs/2402.03302,
10,"J. M. J. Valanarasu and V. M. Patel, UNeXt: MLP-based Rapid Medical Image Segmentation Network, MICCAI, 2022.",https://arxiv.org/abs/2203.04967,arXiv record verified,true,HEAD,200,https://arxiv.org/abs/2203.04967,
11,"J. Li et al., Transforming medical imaging with Transformers? A comparative review, Medical Image Analysis, 2023.",https://pubmed.ncbi.nlm.nih.gov/36738650/,PubMed record verified,true,HEAD,200,https://pubmed.ncbi.nlm.nih.gov/36738650/,
12,"W. Yao et al., From CNN to Transformer: A Review of Medical Image Segmentation Models, Journal of Imaging Informatics in Medicine, 2024.",https://pubmed.ncbi.nlm.nih.gov/38438696/,PubMed record verified,true,HEAD,200,https://pubmed.ncbi.nlm.nih.gov/38438696/,
13,"P. Bilic et al., The Liver Tumor Segmentation Benchmark (LiTS), 2019.",https://arxiv.org/abs/1901.04056,arXiv record verified,true,HEAD,200,https://arxiv.org/abs/1901.04056,
14,"ISIC Challenge, 2018 Task 1: Lesion Boundary Segmentation data description.",https://challenge.isic-archive.com/landing/2018/45/,official challenge page verified,true,HEAD,200,https://challenge.isic-archive.com/landing/2018/45/,
15,"B. H. Menze et al., The Multimodal Brain Tumor Image Segmentation Benchmark (BRATS), IEEE TMI, 2015.",https://pmc.ncbi.nlm.nih.gov/articles/PMC4833122/,PMC full text verified,true,HEAD,200,https://pmc.ncbi.nlm.nih.gov/articles/PMC4833122/,
16,"LUNA16, LUng Nodule Analysis 2016 Challenge.",https://luna16.grand-challenge.org/,official Grand Challenge page verified,true,HEAD,200,https://luna16.grand-challenge.org/,
17,"U. Koc et al., MammosighTR: Nationwide Breast Cancer Screening Mammogram Dataset with BI-RADS Annotations, Radiology: Artificial Intelligence, 2025, doi: 10.1148/ryai.240841.",https://pubmed.ncbi.nlm.nih.gov/40801802/,PubMed record verified,true,HEAD,200,https://pubmed.ncbi.nlm.nih.gov/40801802/,
18,"U. Koc et al., Artificial Intelligence in Healthcare Competition (TEKNOFEST-2021): Stroke Data Set, Eurasian Journal of Medicine, 2022.",https://pubmed.ncbi.nlm.nih.gov/35943079/,PubMed record verified,true,HEAD,200,https://pubmed.ncbi.nlm.nih.gov/35943079/,
19,"T.-Y. Lin et al., Focal Loss for Dense Object Detection, ICCV, 2017.",https://arxiv.org/abs/1708.02002,arXiv record verified,true,HEAD,200,https://arxiv.org/abs/1708.02002,
20,"S. S. M. Salehi, D. Erdogmus, and A. Gholipour, Tversky loss function for image segmentation using 3D fully convolutional deep networks, 2017.",https://arxiv.org/abs/1706.05721,arXiv record verified,true,HEAD,200,https://arxiv.org/abs/1706.05721,
21,"M. J. Cardoso et al., MONAI: An open-source framework for deep learning in healthcare, 2022.",https://arxiv.org/abs/2211.02701,arXiv record verified,true,HEAD,200,https://arxiv.org/abs/2211.02701,
22,"C. H. Sudre et al., Generalised Dice overlap as a deep learning loss function for highly unbalanced segmentations, 2017.",https://arxiv.org/abs/1707.03237,arXiv record verified,true,HEAD,200,https://arxiv.org/abs/1707.03237,
