dataset,model,best_val_dice,final_val_dice,final_val_iou,parameters,flops_g,fps,peak_memory_mb,total_seconds,run_id
isic2018,swin_unetr,0.8685802253087361,0.8613542048136393,0.7784194747606913,6302875.0,2.5247,190.37545013596775,303.89,1318.1528204999995,20260612-034635_isic2018_swin_unetr
isic2018,attention_unet,0.8446565397580464,0.8433840036392212,0.7565635784467062,1971549.0,4.6045,369.87720076688015,198.27,1268.8324672999988,20260612-032525_isic2018_attention_unet
isic2018,unet,0.8401498985290528,0.8401498985290528,0.7533744025230408,1603448.0,1.3637,218.3472161980441,56.26,1301.7067755999997,20260612-030342_isic2018_unet
lits_lesion_positive,attention_unet,0.369472545782725,0.369472545782725,0.2733690360188484,1970973.0,4.5833,1292.6977389753051,272.38,399.3764474000018,20260612-023602_lits_lesion_positive_attention_unet
lits_lesion_positive,swin_unetr,0.365846517086029,0.365846517086029,0.268456582625707,6302203.0,2.5052,425.9707251549863,303.28,437.208101799999,20260612-024242_lits_lesion_positive_swin_unetr
lits_lesion_positive,unet,0.2872003853321075,0.2872003853321075,0.2019640359282493,1602296.0,1.3531,645.8518483495407,117.66,337.09123929999987,20260612-023025_lits_lesion_positive_unet
lits_liver_positive,swin_unetr,0.8424962703386942,0.7917827669779459,0.7145065474510193,6302203.0,2.5052,498.8316427617258,304.36,403.1092067999998,20260612-022342_lits_liver_positive_swin_unetr
lits_liver_positive,attention_unet,0.7817812252044678,0.7817812252044678,0.6996825536092123,1970973.0,4.5833,1539.278046670269,196.01,343.22280879999744,20260612-021758_lits_liver_positive_attention_unet
lits_liver_positive,unet,0.779659256140391,0.77635244846344,0.6933737675348918,1602296.0,1.3531,634.5555136900299,53.53,447.9785791000031,20260612-021029_lits_liver_positive_unet
